employee_id,payroll_month,base_salary,overtime,bonus,tax,net_pay
E000001,2025-01-01,6500,404,0,1242.72,5661.28
E000001,2025-02-01,6500,644,0,1285.92,5858.08
E000001,2025-03-01,6500,345,500,1322.1,6022.9
E000001,2025-04-01,6500,77,0,1183.86,5393.14
E000001,2025-05-01,6500,72,0,1182.96,5389.04
E000001,2025-06-01,6500,46,0,1178.28,5367.72
E000001,2025-07-01,6500,238,0,1212.84,5525.16
E000001,2025-08-01,6500,106,1000,1369.08,6236.92
E000001,2025-09-01,6500,572,0,1272.96,5799.04
E000001,2025-10-01,6500,256,0,1216.08,5539.92
E000001,2025-11-01,6500,252,2000,1575.36,7176.64
E000001,2025-12-01,6500,302,0,1224.36,5577.64
E000002,2025-01-01,4500,725,0,940.5,4284.5
E000002,2025-02-01,4500,27,0,814.86,3712.14
E000002,2025-03-01,4500,215,0,848.7,3866.3
E000002,2025-04-01,4500,665,0,929.7,4235.3
E000002,2025-05-01,4500,311,0,865.98,3945.02
E000002,2025-06-01,4500,2,500,900.36,4101.64
E000002,2025-07-01,4500,749,0,944.82,4304.18
E000002,2025-08-01,4500,507,0,901.26,4105.74
E000002,2025-09-01,4500,505,0,900.9,4104.1
E000002,2025-10-01,4500,14,0,812.52,3701.48
E000002,2025-11-01,4500,630,0,923.4,4206.6
E000002,2025-12-01,4500,713,0,938.34,4274.66
E000003,2025-01-01,9000,272,0,1668.96,7603.04
E000003,2025-02-01,9000,473,0,1705.14,7767.86
E000003,2025-03-01,9000,536,500,1806.48,8229.52
E000003,2025-04-01,9000,211,0,1657.98,7553.02
E000003,2025-05-01,9000,393,500,1780.74,8112.26
E000003,2025-06-01,9000,108,0,1639.44,7468.56
E000003,2025-07-01,9000,227,0,1660.86,7566.14
E000003,2025-08-01,9000,33,0,1625.94,7407.06
E000003,2025-09-01,9000,368,0,1686.24,7681.76
E000003,2025-10-01,9000,553,0,1719.54,7833.46
E000003,2025-11-01,9000,517,500,1803.06,8213.94
E000003,2025-12-01,9000,319,0,1677.42,7641.58
E000005,2025-01-01,9000,314,2000,2036.52,9277.48
E000005,2025-02-01,9000,740,1000,1933.2,8806.8
E000005,2025-03-01,9000,436,0,1698.48,7737.52
E000005,2025-04-01,9000,709,0,1747.62,7961.38
E000005,2025-05-01,9000,623,0,1732.14,7890.86
E000005,2025-06-01,9000,445,0,1700.1,7744.9
E000005,2025-07-01,9000,606,0,1729.08,7876.92
E000005,2025-08-01,9000,136,0,1644.48,7491.52
E000005,2025-09-01,9000,242,0,1663.56,7578.44
E000005,2025-10-01,9000,228,2000,2021.04,9206.96
E000005,2025-11-01,9000,222,500,1749.96,7972.04
E000005,2025-12-01,9000,467,1000,1884.06,8582.94
E000007,2025-01-01,9000,3,0,1620.54,7382.46
E000007,2025-02-01,9000,117,0,1641.06,7475.94
E000007,2025-03-01,9000,503,0,1710.54,7792.46
E000007,2025-04-01,9000,573,1000,1903.14,8669.86
E000007,2025-05-01,9000,714,0,1748.52,7965.48
E000007,2025-06-01,9000,434,500,1788.12,8145.88
E000007,2025-07-01,9000,644,0,1735.92,7908.08
E000007,2025-08-01,9000,117,0,1641.06,7475.94
E000007,2025-09-01,9000,723,0,1750.14,7972.86
E000007,2025-10-01,9000,112,0,1640.16,7471.84
E000007,2025-11-01,9000,0,0,1620.0,7380.0
E000007,2025-12-01,9000,319,0,1677.42,7641.58
E000008,2025-01-01,3000,138,1000,744.84,3393.16
E000008,2025-02-01,3000,258,0,586.44,2671.56
E000008,2025-03-01,3000,689,0,664.02,3024.98
E000008,2025-04-01,3000,260,0,586.8,2673.2
E000008,2025-05-01,3000,171,0,570.78,2600.22
E000008,2025-06-01,3000,167,500,660.06,3006.94
E000008,2025-07-01,3000,320,0,597.6,2722.4
E000008,2025-08-01,3000,328,500,689.04,3138.96
E000008,2025-09-01,3000,549,0,638.82,2910.18
E000008,2025-10-01,3000,605,0,648.9,2956.1
E000008,2025-11-01,3000,580,500,734.4,3345.6
E000008,2025-12-01,3000,235,0,582.3,2652.7
E000009,2025-01-01,9000,375,2000,2047.5,9327.5
E000009,2025-02-01,9000,587,0,1725.66,7861.34
E000009,2025-03-01,9000,512,0,1712.16,7799.84
E000009,2025-04-01,9000,571,500,1812.78,8258.22
E000009,2025-05-01,9000,778,500,1850.04,8427.96
E000009,2025-06-01,9000,269,500,1758.42,8010.58
E000009,2025-07-01,9000,290,0,1672.2,7617.8
E000009,2025-08-01,9000,4,0,1620.72,7383.28
E000009,2025-09-01,9000,77,0,1633.86,7443.14
E000009,2025-10-01,9000,131,0,1643.58,7487.42
E000009,2025-11-01,9000,41,0,1627.38,7413.62
E000009,2025-12-01,9000,295,0,1673.1,7621.9
E000010,2025-01-01,9000,615,0,1730.7,7884.3
E000010,2025-02-01,9000,690,0,1744.2,7945.8
E000010,2025-03-01,9000,22,0,1623.96,7398.04
E000010,2025-04-01,9000,664,0,1739.52,7924.48
E000010,2025-05-01,9000,502,0,1710.36,7791.64
E000010,2025-06-01,9000,615,0,1730.7,7884.3
E000010,2025-07-01,9000,38,0,1626.84,7411.16
E000010,2025-08-01,9000,645,0,1736.1,7908.9
E000010,2025-09-01,9000,178,0,1652.04,7525.96
E000010,2025-10-01,9000,447,0,1700.46,7746.54
E000010,2025-11-01,9000,622,0,1731.96,7890.04
E000010,2025-12-01,9000,477,500,1795.86,8181.14
E000011,2025-01-01,16000,419,2000,3315.42,15103.58
E000011,2025-02-01,16000,440,0,2959.2,13480.8
E000011,2025-03-01,16000,410,0,2953.8,13456.2
E000011,2025-04-01,16000,253,0,2925.54,13327.46
E000011,2025-05-01,16000,521,0,2973.78,13547.22
E000011,2025-06-01,16000,117,500,2991.06,13625.94
E000011,2025-07-01,16000,158,0,2908.44,13249.56
E000011,2025-08-01,16000,215,0,2918.7,13296.3
E000011,2025-09-01,16000,14,500,2972.52,13541.48
E000011,2025-10-01,16000,260,0,2926.8,13333.2
E000011,2025-11-01,16000,323,0,2938.14,13384.86
E000011,2025-12-01,16000,129,0,2903.22,13225.78
E000012,2025-01-01,3000,626,0,652.68,2973.32
E000012,2025-02-01,3000,291,0,592.38,2698.62
E000012,2025-03-01,3000,282,0,590.76,2691.24
E000012,2025-04-01,3000,10,1000,721.8,3288.2
E000012,2025-05-01,3000,549,0,638.82,2910.18
E000012,2025-06-01,3000,22,0,543.96,2478.04
E000012,2025-07-01,3000,301,0,594.18,2706.82
E000012,2025-08-01,3000,217,0,579.06,2637.94
E000012,2025-09-01,3000,209,0,577.62,2631.38
E000012,2025-10-01,3000,622,0,651.96,2970.04
E000012,2025-11-01,3000,682,1000,842.76,3839.24
E000012,2025-12-01,3000,355,1000,783.9,3571.1
E000013,2025-01-01,3000,132,1000,743.76,3388.24
E000013,2025-02-01,3000,126,0,562.68,2563.32
E000013,2025-03-01,3000,603,0,648.54,2954.46
E000013,2025-04-01,3000,50,0,549.0,2501.0
E000013,2025-05-01,3000,295,500,683.1,3111.9
E000013,2025-06-01,3000,778,0,680.04,3097.96
E000013,2025-07-01,3000,612,2000,1010.16,4601.84
E000013,2025-08-01,3000,621,0,651.78,2969.22
E000013,2025-09-01,3000,0,500,630.0,2870.0
E000013,2025-10-01,3000,566,0,641.88,2924.12
E000013,2025-11-01,3000,660,0,658.8,3001.2
E000013,2025-12-01,3000,308,0,595.44,2712.56
E000014,2025-01-01,3000,435,500,708.3,3226.7
E000014,2025-02-01,3000,665,0,659.7,3005.3
E000014,2025-03-01,3000,574,0,643.32,2930.68
E000014,2025-04-01,3000,601,1000,828.18,3772.82
E000014,2025-05-01,3000,385,0,609.3,2775.7
E000014,2025-06-01,3000,474,0,625.32,2848.68
E000014,2025-07-01,3000,528,0,635.04,2892.96
E000014,2025-08-01,3000,762,0,677.16,3084.84
E000014,2025-09-01,3000,663,0,659.34,3003.66
E000014,2025-10-01,3000,179,0,572.22,2606.78
E000014,2025-11-01,3000,160,0,568.8,2591.2
E000014,2025-12-01,3000,62,0,551.16,2510.84
E000015,2025-01-01,3000,665,0,659.7,3005.3
E000015,2025-02-01,3000,468,0,624.24,2843.76
E000015,2025-03-01,3000,83,0,554.94,2528.06
E000015,2025-04-01,3000,147,0,566.46,2580.54
E000015,2025-05-01,3000,475,0,625.5,2849.5
E000015,2025-06-01,3000,359,0,604.62,2754.38
E000015,2025-07-01,3000,768,0,678.24,3089.76
E000015,2025-08-01,3000,214,0,578.52,2635.48
E000015,2025-09-01,3000,722,0,669.96,3052.04
E000015,2025-10-01,3000,669,0,660.42,3008.58
E000015,2025-11-01,3000,428,0,617.04,2810.96
E000015,2025-12-01,3000,143,0,565.74,2577.26
E000016,2025-01-01,12000,17,0,2163.06,9853.94
E000016,2025-02-01,12000,370,0,2226.6,10143.4
E000016,2025-03-01,12000,193,0,2194.74,9998.26
E000016,2025-04-01,12000,112,0,2180.16,9931.84
E000016,2025-05-01,12000,677,500,2371.86,10805.14
E000016,2025-06-01,12000,643,0,2275.74,10367.26
E000016,2025-07-01,12000,54,1000,2349.72,10704.28
E000016,2025-08-01,12000,799,0,2303.82,10495.18
E000016,2025-09-01,12000,161,0,2188.98,9972.02
E000016,2025-10-01,12000,86,2000,2535.48,11550.52
E000016,2025-11-01,12000,799,0,2303.82,10495.18
E000016,2025-12-01,12000,348,0,2222.64,10125.36
E000017,2025-01-01,16000,312,0,2936.16,13375.84
E000017,2025-02-01,16000,442,0,2959.56,13482.44
E000017,2025-03-01,16000,327,0,2938.86,13388.14
E000017,2025-04-01,16000,238,0,2922.84,13315.16
E000017,2025-05-01,16000,50,0,2889.0,13161.0
E000017,2025-06-01,16000,263,0,2927.34,13335.66
E000017,2025-07-01,16000,95,2000,3257.1,14837.9
E000017,2025-08-01,16000,287,500,3021.66,13765.34
E000017,2025-09-01,16000,490,1000,3148.2,14341.8
E000017,2025-10-01,16000,499,0,2969.82,13529.18
E000017,2025-11-01,16000,468,0,2964.24,13503.76
E000017,2025-12-01,16000,6,0,2881.08,13124.92
E000018,2025-01-01,3000,672,0,660.96,3011.04
E000018,2025-02-01,3000,146,0,566.28,2579.72
E000018,2025-03-01,3000,547,0,638.46,2908.54
E000018,2025-04-01,3000,81,500,644.58,2936.42
E000018,2025-05-01,3000,708,0,667.44,3040.56
E000018,2025-06-01,3000,745,500,764.1,3480.9
E000018,2025-07-01,3000,706,0,667.08,3038.92
E000018,2025-08-01,3000,395,500,701.1,3193.9
E000018,2025-09-01,3000,255,0,585.9,2669.1
E000018,2025-10-01,3000,225,500,670.5,3054.5
E000018,2025-11-01,3000,499,2000,989.82,4509.18
E000018,2025-12-01,3000,363,0,605.34,2757.66
E000020,2025-01-01,12000,713,0,2288.34,10424.66
E000020,2025-02-01,12000,58,500,2260.44,10297.56
E000020,2025-03-01,12000,127,0,2182.86,9944.14
E000020,2025-04-01,12000,114,0,2180.52,9933.48
E000020,2025-05-01,12000,520,0,2253.6,10266.4
E000020,2025-06-01,12000,236,0,2202.48,10033.52
E000020,2025-07-01,12000,200,0,2196.0,10004.0
E000020,2025-08-01,12000,234,0,2202.12,10031.88
E000020,2025-09-01,12000,665,0,2279.7,10385.3
E000020,2025-10-01,12000,108,0,2179.44,9928.56
E000020,2025-11-01,12000,74,500,2263.32,10310.68
E000020,2025-12-01,12000,127,0,2182.86,9944.14
E000021,2025-01-01,4500,355,0,873.9,3981.1
E000021,2025-02-01,4500,33,0,815.94,3717.06
E000021,2025-03-01,4500,152,0,837.36,3814.64
E000021,2025-04-01,4500,587,0,915.66,4171.34
E000021,2025-05-01,4500,341,0,871.38,3969.62
E000021,2025-06-01,4500,286,500,951.48,4334.52
E000021,2025-07-01,4500,167,0,840.06,3826.94
E000021,2025-08-01,4500,748,0,944.64,4303.36
E000022,2025-01-01,9000,454,0,1701.72,7752.28
E000022,2025-02-01,9000,400,0,1692.0,7708.0
E000022,2025-03-01,9000,475,500,1795.5,8179.5
E000022,2025-04-01,9000,557,0,1720.26,7836.74
E000022,2025-05-01,9000,362,0,1685.16,7676.84
E000022,2025-06-01,9000,692,0,1744.56,7947.44
E000022,2025-07-01,9000,793,0,1762.74,8030.26
E000022,2025-08-01,9000,778,0,1760.04,8017.96
E000022,2025-09-01,9000,511,1000,1891.98,8619.02
E000022,2025-10-01,9000,186,0,1653.48,7532.52
E000022,2025-11-01,9000,226,1000,1840.68,8385.32
E000022,2025-12-01,9000,54,0,1629.72,7424.28
E000023,2025-01-01,3000,757,0,676.26,3080.74
E000023,2025-02-01,3000,311,0,595.98,2715.02
E000023,2025-03-01,3000,547,0,638.46,2908.54
E000023,2025-04-01,3000,466,0,623.88,2842.12
E000023,2025-05-01,3000,490,500,718.2,3271.8
E000023,2025-06-01,3000,506,0,631.08,2874.92
E000023,2025-07-01,3000,481,0,626.58,2854.42
E000023,2025-08-01,3000,449,0,620.82,2828.18
E000023,2025-09-01,3000,712,0,668.16,3043.84
E000023,2025-10-01,3000,640,0,655.2,2984.8
E000023,2025-11-01,3000,615,0,650.7,2964.3
E000023,2025-12-01,3000,38,0,546.84,2491.16
E000024,2025-01-01,16000,497,500,3059.46,13937.54
E000024,2025-02-01,16000,171,1000,3090.78,14080.22
E000024,2025-03-01,16000,101,0,2898.18,13202.82
E000024,2025-04-01,16000,274,0,2929.32,13344.68
E000024,2025-05-01,16000,16,1000,3062.88,13953.12
E000024,2025-06-01,16000,496,0,2969.28,13526.72
E000024,2025-07-01,16000,317,1000,3117.06,14199.94
E000024,2025-08-01,16000,338,0,2940.84,13397.16
E000024,2025-09-01,16000,660,500,3088.8,14071.2
E000024,2025-10-01,16000,484,0,2967.12,13516.88
E000024,2025-11-01,16000,709,2000,3367.62,15341.38
E000024,2025-12-01,16000,465,0,2963.7,13501.3
E000025,2025-01-01,6500,654,0,1287.72,5866.28
E000025,2025-02-01,6500,488,1000,1437.84,6550.16
E000025,2025-03-01,6500,46,0,1178.28,5367.72
E000025,2025-04-01,6500,15,1000,1352.7,6162.3
E000025,2025-05-01,6500,793,0,1312.74,5980.26
E000025,2025-06-01,6500,249,0,1214.82,5534.18
E000025,2025-07-01,6500,334,0,1230.12,5603.88
E000025,2025-08-01,6500,136,0,1194.48,5441.52
E000025,2025-09-01,6500,497,0,1259.46,5737.54
E000025,2025-10-01,6500,476,0,1255.68,5720.32
E000025,2025-11-01,6500,371,500,1326.78,6044.22
E000025,2025-12-01,6500,401,0,1242.18,5658.82
E000026,2025-01-01,4500,614,0,920.52,4193.48
E000026,2025-02-01,4500,158,0,838.44,3819.56
E000026,2025-03-01,4500,619,0,921.42,4197.58
E000026,2025-04-01,4500,97,500,917.46,4179.54
E000026,2025-05-01,4500,170,0,840.6,3829.4
E000026,2025-06-01,4500,182,0,842.76,3839.24
E000026,2025-07-01,4500,38,0,816.84,3721.16
E000026,2025-08-01,4500,496,0,899.28,4096.72
E000026,2025-09-01,4500,396,0,881.28,4014.72
E000026,2025-10-01,4500,15,0,812.7,3702.3
E000026,2025-11-01,4500,107,0,829.26,3777.74
E000026,2025-12-01,4500,310,0,865.8,3944.2
E000027,2025-01-01,3000,545,0,638.1,2906.9
E000027,2025-02-01,3000,758,0,676.44,3081.56
E000027,2025-03-01,3000,273,1000,769.14,3503.86
E000027,2025-04-01,3000,738,0,672.84,3065.16
E000027,2025-05-01,3000,28,500,635.04,2892.96
E000027,2025-06-01,3000,476,0,625.68,2850.32
E000027,2025-07-01,3000,747,0,674.46,3072.54
E000027,2025-08-01,3000,439,0,619.02,2819.98
E000027,2025-09-01,3000,376,500,697.68,3178.32
E000027,2025-10-01,3000,358,0,604.44,2753.56
E000027,2025-11-01,3000,576,0,643.68,2932.32
E000027,2025-12-01,3000,2,0,540.36,2461.64
E000028,2025-01-01,3000,375,0,607.5,2767.5
E000028,2025-02-01,3000,323,0,598.14,2724.86
E000028,2025-03-01,3000,292,0,592.56,2699.44
E000028,2025-04-01,3000,704,1000,846.72,3857.28
E000028,2025-05-01,3000,584,0,645.12,2938.88
E000028,2025-06-01,3000,343,0,601.74,2741.26
E000028,2025-07-01,3000,186,1000,753.48,3432.52
E000028,2025-08-01,3000,60,0,550.8,2509.2
E000028,2025-09-01,3000,379,0,608.22,2770.78
E000028,2025-10-01,3000,439,500,709.02,3229.98
E000028,2025-11-01,3000,343,0,601.74,2741.26
E000028,2025-12-01,3000,225,0,580.5,2644.5
E000029,2025-01-01,6500,563,0,1271.34,5791.66
E000029,2025-02-01,6500,583,1000,1454.94,6628.06
E000029,2025-03-01,6500,574,0,1273.32,5800.68
E000029,2025-04-01,6500,242,0,1213.56,5528.44
E000029,2025-05-01,6500,329,0,1229.22,5599.78
E000029,2025-06-01,6500,217,0,1209.06,5507.94
E000029,2025-07-01,6500,505,500,1350.9,6154.1
E000029,2025-08-01,6500,773,500,1399.14,6373.86
E000029,2025-09-01,6500,53,1000,1359.54,6193.46
E000029,2025-10-01,6500,688,0,1293.84,5894.16
E000029,2025-11-01,6500,19,2000,1533.42,6985.58
E000029,2025-12-01,6500,572,0,1272.96,5799.04
E000030,2025-01-01,16000,418,500,3045.24,13872.76
E000030,2025-02-01,16000,61,2000,3250.98,14810.02
E000030,2025-03-01,16000,2,500,2970.36,13531.64
E000030,2025-04-01,16000,780,0,3020.4,13759.6
E000030,2025-05-01,16000,88,0,2895.84,13192.16
E000030,2025-06-01,16000,356,0,2944.08,13411.92
E000030,2025-07-01,16000,616,0,2990.88,13625.12
E000030,2025-08-01,16000,634,0,2994.12,13639.88
E000030,2025-09-01,16000,648,0,2996.64,13651.36
E000030,2025-10-01,16000,737,500,3102.66,14134.34
E000030,2025-11-01,16000,520,0,2973.6,13546.4
E000030,2025-12-01,16000,536,0,2976.48,13559.52
E000031,2025-01-01,16000,225,0,2920.5,13304.5
E000031,2025-02-01,16000,37,0,2886.66,13150.34
E000031,2025-03-01,16000,175,0,2911.5,13263.5
E000031,2025-04-01,16000,453,1000,3141.54,14311.46
E000031,2025-05-01,16000,687,0,3003.66,13683.34
E000031,2025-06-01,16000,592,0,2986.56,13605.44
E000031,2025-07-01,16000,300,0,2934.0,13366.0
E000031,2025-08-01,16000,348,1000,3122.64,14225.36
E000031,2025-09-01,16000,322,0,2937.96,13384.04
E000031,2025-10-01,16000,39,0,2887.02,13151.98
E000031,2025-11-01,16000,748,0,3014.64,13733.36
E000031,2025-12-01,16000,215,500,3008.7,13706.3
E000032,2025-01-01,6500,167,0,1200.06,5466.94
E000032,2025-02-01,6500,570,500,1362.6,6207.4
E000032,2025-03-01,6500,680,0,1292.4,5887.6
E000032,2025-04-01,6500,556,0,1270.08,5785.92
E000032,2025-05-01,6500,169,0,1200.42,5468.58
E000032,2025-06-01,6500,666,500,1379.88,6286.12
E000032,2025-07-01,6500,6,500,1261.08,5744.92
E000032,2025-08-01,6500,556,500,1360.08,6195.92
E000032,2025-09-01,6500,30,500,1265.4,5764.6
E000032,2025-10-01,6500,393,500,1330.74,6062.26
E000032,2025-11-01,6500,436,0,1248.48,5687.52
E000032,2025-12-01,6500,81,500,1274.58,5806.42
E000033,2025-01-01,3000,717,500,759.06,3457.94
E000033,2025-02-01,3000,523,0,634.14,2888.86
E000033,2025-03-01,3000,223,0,580.14,2642.86
E000033,2025-04-01,3000,666,2000,1019.88,4646.12
E000033,2025-05-01,3000,16,0,542.88,2473.12
E000033,2025-06-01,3000,699,0,665.82,3033.18
E000033,2025-07-01,3000,364,500,695.52,3168.48
E000033,2025-08-01,3000,325,0,598.5,2726.5
E000033,2025-09-01,3000,454,0,621.72,2832.28
E000033,2025-10-01,3000,223,500,670.14,3052.86
E000033,2025-11-01,3000,411,0,613.98,2797.02
E000033,2025-12-01,3000,221,500,669.78,3051.22
E000034,2025-01-01,6500,277,1000,1399.86,6377.14
E000034,2025-02-01,6500,483,0,1256.94,5726.06
E000034,2025-03-01,6500,730,0,1301.4,5928.6
E000034,2025-04-01,6500,523,0,1264.14,5758.86
E000034,2025-05-01,6500,704,0,1296.72,5907.28
E000034,2025-06-01,6500,119,0,1191.42,5427.58
E000034,2025-07-01,6500,305,2000,1584.9,7220.1
E000034,2025-08-01,6500,686,1000,1473.48,6712.52
E000034,2025-09-01,6500,675,0,1291.5,5883.5
E000034,2025-10-01,6500,380,0,1238.4,5641.6
E000034,2025-11-01,6500,28,0,1175.04,5352.96
E000034,2025-12-01,6500,645,0,1286.1,5858.9
E000035,2025-01-01,4500,458,0,892.44,4065.56
E000035,2025-02-01,4500,537,0,906.66,4130.34
E000035,2025-03-01,4500,737,2000,1302.66,5934.34
E000035,2025-04-01,4500,98,0,827.64,3770.36
E000035,2025-05-01,4500,38,0,816.84,3721.16
E000035,2025-06-01,4500,796,0,953.28,4342.72
E000035,2025-07-01,4500,799,0,953.82,4345.18
E000035,2025-08-01,4500,83,0,824.94,3758.06
E000035,2025-09-01,4500,538,500,996.84,4541.16
E000035,2025-10-01,4500,381,0,878.58,4002.42
E000035,2025-11-01,4500,603,0,918.54,4184.46
E000035,2025-12-01,4500,302,0,864.36,3937.64
E000036,2025-01-01,3000,83,0,554.94,2528.06
E000036,2025-02-01,3000,452,2000,981.36,4470.64
E000036,2025-03-01,3000,256,0,586.08,2669.92
E000036,2025-04-01,3000,526,0,634.68,2891.32
E000036,2025-05-01,3000,162,0,569.16,2592.84
E000036,2025-06-01,3000,792,0,682.56,3109.44
E000036,2025-07-01,3000,785,500,771.3,3513.7
E000036,2025-08-01,3000,207,0,577.26,2629.74
E000036,2025-09-01,3000,59,0,550.62,2508.38
E000036,2025-10-01,3000,656,0,658.08,2997.92
E000036,2025-11-01,3000,519,500,723.42,3295.58
E000036,2025-12-01,3000,685,0,663.3,3021.7
E000037,2025-01-01,9000,198,0,1655.64,7542.36
E000037,2025-02-01,9000,692,1000,1924.56,8767.44
E000037,2025-03-01,9000,377,0,1687.86,7689.14
E000037,2025-04-01,9000,557,0,1720.26,7836.74
E000037,2025-05-01,9000,733,0,1751.94,7981.06
E000037,2025-06-01,9000,272,0,1668.96,7603.04
E000037,2025-07-01,9000,739,0,1753.02,7985.98
E000037,2025-08-01,9000,725,0,1750.5,7974.5
E000037,2025-09-01,9000,116,0,1640.88,7475.12
E000037,2025-10-01,9000,583,0,1724.94,7858.06
E000037,2025-11-01,9000,716,0,1748.88,7967.12
E000037,2025-12-01,9000,788,0,1761.84,8026.16
E000038,2025-01-01,16000,319,0,2937.42,13381.58
E000038,2025-02-01,16000,494,0,2968.92,13525.08
E000038,2025-03-01,16000,543,0,2977.74,13565.26
E000038,2025-04-01,16000,728,500,3101.04,14126.96
E000038,2025-05-01,16000,101,1000,3078.18,14022.82
E000038,2025-06-01,16000,778,0,3020.04,13757.96
E000038,2025-07-01,16000,87,0,2895.66,13191.34
E000038,2025-08-01,16000,587,2000,3345.66,15241.34
E000038,2025-09-01,16000,671,0,3000.78,13670.22
E000038,2025-10-01,16000,309,0,2935.62,13373.38
E000038,2025-11-01,16000,659,0,2998.62,13660.38
E000038,2025-12-01,16000,241,0,2923.38,13317.62
E000039,2025-01-01,16000,1,0,2880.18,13120.82
E000039,2025-02-01,16000,744,0,3013.92,13730.08
E000039,2025-03-01,16000,588,0,2985.84,13602.16
E000039,2025-04-01,16000,102,0,2898.36,13203.64
E000039,2025-05-01,16000,89,0,2896.02,13192.98
E000039,2025-06-01,16000,142,0,2905.56,13236.44
E000039,2025-07-01,16000,427,0,2956.86,13470.14
E000039,2025-08-01,16000,316,0,2936.88,13379.12
E000039,2025-09-01,16000,8,1000,3061.44,13946.56
E000039,2025-10-01,16000,358,0,2944.44,13413.56
E000039,2025-11-01,16000,552,0,2979.36,13572.64
E000039,2025-12-01,16000,263,1000,3107.34,14155.66
E000040,2025-01-01,12000,317,500,2307.06,10509.94
E000040,2025-02-01,12000,110,500,2269.8,10340.2
E000040,2025-03-01,12000,6,0,2161.08,9844.92
E000040,2025-04-01,12000,207,0,2197.26,10009.74
E000040,2025-05-01,12000,313,500,2306.34,10506.66
E000040,2025-06-01,12000,514,0,2252.52,10261.48
E000040,2025-07-01,12000,699,0,2285.82,10413.18
E000040,2025-08-01,12000,11,0,2161.98,9849.02
E000040,2025-09-01,12000,536,500,2346.48,10689.52
E000040,2025-10-01,12000,121,0,2181.78,9939.22
E000040,2025-11-01,12000,749,0,2294.82,10454.18
E000040,2025-12-01,12000,732,500,2381.76,10850.24
E000041,2025-01-01,9000,694,0,1744.92,7949.08
E000041,2025-02-01,9000,593,0,1726.74,7866.26
E000041,2025-03-01,9000,722,0,1749.96,7972.04
E000041,2025-04-01,9000,351,0,1683.18,7667.82
E000041,2025-05-01,9000,58,0,1630.44,7427.56
E000041,2025-06-01,9000,713,0,1748.34,7964.66
E000041,2025-07-01,9000,444,0,1699.92,7744.08
E000041,2025-08-01,9000,206,0,1657.08,7548.92
E000041,2025-09-01,9000,331,0,1679.58,7651.42
E000041,2025-10-01,9000,724,0,1750.32,7973.68
E000041,2025-11-01,9000,23,0,1624.14,7398.86
E000041,2025-12-01,9000,515,0,1712.7,7802.3
E000042,2025-01-01,12000,381,2000,2588.58,11792.42
E000042,2025-02-01,12000,151,0,2187.18,9963.82
E000042,2025-03-01,12000,607,0,2269.26,10337.74
E000042,2025-04-01,12000,249,0,2204.82,10044.18
E000042,2025-05-01,12000,511,0,2251.98,10259.02
E000042,2025-06-01,12000,334,1000,2400.12,10933.88
E000042,2025-07-01,12000,773,0,2299.14,10473.86
E000042,2025-08-01,12000,754,0,2295.72,10458.28
E000042,2025-09-01,12000,245,0,2204.1,10040.9
E000042,2025-10-01,12000,642,0,2275.56,10366.44
E000042,2025-11-01,12000,551,500,2349.18,10701.82
E000042,2025-12-01,12000,736,0,2292.48,10443.52
E000043,2025-01-01,9000,519,0,1713.42,7805.58
E000043,2025-02-01,9000,477,0,1705.86,7771.14
E000043,2025-03-01,9000,525,2000,2074.5,9450.5
E000043,2025-04-01,9000,374,0,1687.32,7686.68
E000043,2025-05-01,9000,552,0,1719.36,7832.64
E000043,2025-06-01,9000,380,0,1688.4,7691.6
E000043,2025-07-01,9000,503,0,1710.54,7792.46
E000043,2025-08-01,9000,83,0,1634.94,7448.06
E000043,2025-09-01,9000,144,0,1645.92,7498.08
E000043,2025-10-01,9000,27,0,1624.86,7402.14
E000043,2025-11-01,9000,228,0,1661.04,7566.96
E000043,2025-12-01,9000,448,500,1790.64,8157.36
E000044,2025-01-01,3000,675,1000,841.5,3833.5
E000044,2025-02-01,3000,302,0,594.36,2707.64
E000044,2025-03-01,3000,9,0,541.62,2467.38
E000044,2025-04-01,3000,269,0,588.42,2680.58
E000044,2025-05-01,3000,604,0,648.72,2955.28
E000044,2025-06-01,3000,360,0,604.8,2755.2
E000044,2025-07-01,3000,275,0,589.5,2685.5
E000044,2025-08-01,3000,512,0,632.16,2879.84
E000044,2025-09-01,3000,283,0,590.94,2692.06
E000044,2025-10-01,3000,686,0,663.48,3022.52
E000044,2025-11-01,3000,164,500,659.52,3004.48
E000044,2025-12-01,3000,631,500,743.58,3387.42
E000045,2025-01-01,6500,155,500,1287.9,5867.1
E000045,2025-02-01,6500,619,0,1281.42,5837.58
E000045,2025-03-01,6500,333,0,1229.94,5603.06
E000045,2025-04-01,6500,510,0,1261.8,5748.2
E000045,2025-05-01,6500,281,0,1220.58,5560.42
E000045,2025-06-01,6500,118,0,1191.24,5426.76
E000045,2025-07-01,6500,484,1000,1437.12,6546.88
E000045,2025-08-01,6500,160,0,1198.8,5461.2
E000045,2025-09-01,6500,205,0,1206.9,5498.1
E000045,2025-10-01,6500,275,2000,1579.5,7195.5
E000045,2025-11-01,6500,215,0,1208.7,5506.3
E000045,2025-12-01,6500,125,1000,1372.5,6252.5
E000046,2025-01-01,9000,305,2000,2034.9,9270.1
E000046,2025-02-01,9000,38,0,1626.84,7411.16
E000046,2025-03-01,9000,494,0,1708.92,7785.08
E000046,2025-04-01,9000,427,0,1696.86,7730.14
E000046,2025-05-01,9000,150,0,1647.0,7503.0
E000046,2025-06-01,9000,307,0,1675.26,7631.74
E000046,2025-07-01,9000,745,0,1754.1,7990.9
E000046,2025-08-01,9000,7,1000,1801.26,8205.74
E000046,2025-09-01,9000,128,0,1643.04,7484.96
E000046,2025-10-01,9000,668,0,1740.24,7927.76
E000046,2025-11-01,9000,516,1000,1892.88,8623.12
E000046,2025-12-01,9000,174,0,1651.32,7522.68
E000047,2025-01-01,4500,310,2000,1225.8,5584.2
E000047,2025-02-01,4500,426,0,886.68,4039.32
E000047,2025-03-01,4500,113,0,830.34,3782.66
E000047,2025-04-01,4500,537,500,996.66,4540.34
E000047,2025-05-01,4500,743,500,1033.74,4709.26
E000047,2025-06-01,4500,344,0,871.92,3972.08
E000047,2025-07-01,4500,0,0,810.0,3690.0
E000047,2025-08-01,4500,653,0,927.54,4225.46
E000047,2025-09-01,4500,68,0,822.24,3745.76
E000047,2025-10-01,4500,219,0,849.42,3869.58
E000047,2025-11-01,4500,703,0,936.54,4266.46
E000047,2025-12-01,4500,584,500,1005.12,4578.88
E000048,2025-01-01,16000,88,500,2985.84,13602.16
E000048,2025-02-01,16000,584,0,2985.12,13598.88
E000048,2025-03-01,16000,158,0,2908.44,13249.56
E000048,2025-04-01,16000,323,0,2938.14,13384.86
E000048,2025-05-01,16000,101,0,2898.18,13202.82
E000048,2025-06-01,16000,613,0,2990.34,13622.66
E000048,2025-07-01,16000,481,500,3056.58,13924.42
E000048,2025-08-01,16000,278,0,2930.04,13347.96
E000048,2025-09-01,16000,330,0,2939.4,13390.6
E000048,2025-10-01,16000,454,0,2961.72,13492.28
E000048,2025-11-01,16000,654,0,2997.72,13656.28
E000048,2025-12-01,16000,710,0,3007.8,13702.2
E000049,2025-01-01,3000,604,0,648.72,2955.28
E000049,2025-02-01,3000,304,0,594.72,2709.28
E000049,2025-03-01,3000,290,0,592.2,2697.8
E000049,2025-04-01,3000,266,0,587.88,2678.12
E000049,2025-05-01,3000,621,0,651.78,2969.22
E000049,2025-06-01,3000,776,0,679.68,3096.32
E000049,2025-07-01,3000,793,1000,862.74,3930.26
E000049,2025-08-01,3000,449,0,620.82,2828.18
E000049,2025-09-01,3000,628,500,743.04,3384.96
E000049,2025-10-01,3000,664,0,659.52,3004.48
E000049,2025-11-01,3000,303,0,594.54,2708.46
E000049,2025-12-01,3000,299,0,593.82,2705.18
E000050,2025-01-01,4500,42,500,907.56,4134.44
E000050,2025-02-01,4500,325,0,868.5,3956.5
E000050,2025-03-01,4500,363,1000,1055.34,4807.66
E000050,2025-04-01,4500,20,0,813.6,3706.4
E000050,2025-05-01,4500,335,0,870.3,3964.7
E000050,2025-06-01,4500,123,1000,1012.14,4610.86
E000050,2025-07-01,4500,714,0,938.52,4275.48
E000050,2025-08-01,4500,323,1000,1048.14,4774.86
E000050,2025-09-01,4500,469,0,894.42,4074.58
E000050,2025-10-01,4500,333,0,869.94,3963.06
E000050,2025-11-01,4500,372,0,876.96,3995.04
E000050,2025-12-01,4500,538,1000,1086.84,4951.16
E000051,2025-01-01,9000,155,0,1647.9,7507.1
E000051,2025-02-01,9000,143,0,1645.74,7497.26
E000051,2025-03-01,9000,669,0,1740.42,7928.58
E000051,2025-04-01,9000,588,0,1725.84,7862.16
E000051,2025-05-01,9000,344,0,1681.92,7662.08
E000051,2025-06-01,9000,262,0,1667.16,7594.84
E000051,2025-07-01,9000,585,500,1815.3,8269.7
E000051,2025-08-01,9000,158,0,1648.44,7509.56
E000051,2025-09-01,9000,311,500,1765.98,8045.02
E000051,2025-10-01,9000,444,0,1699.92,7744.08
E000051,2025-11-01,9000,35,0,1626.3,7408.7
E000051,2025-12-01,9000,774,500,1849.32,8424.68
E000052,2025-01-01,4500,171,0,840.78,3830.22
E000052,2025-02-01,4500,361,0,874.98,3986.02
E000052,2025-03-01,4500,140,0,835.2,3804.8
E000052,2025-04-01,4500,117,0,831.06,3785.94
E000052,2025-05-01,4500,219,0,849.42,3869.58
E000052,2025-06-01,4500,520,0,903.6,4116.4
E000052,2025-07-01,4500,377,0,877.86,3999.14
E000052,2025-08-01,4500,681,1000,1112.58,5068.42
E000052,2025-09-01,4500,719,0,939.42,4279.58
E000052,2025-10-01,4500,292,0,862.56,3929.44
E000052,2025-11-01,4500,663,500,1019.34,4643.66
E000052,2025-12-01,4500,59,0,820.62,3738.38
E000053,2025-01-01,12000,145,500,2276.1,10368.9
E000053,2025-02-01,12000,438,0,2238.84,10199.16
E000053,2025-03-01,12000,686,0,2283.48,10402.52
E000053,2025-04-01,12000,107,500,2269.26,10337.74
E000053,2025-05-01,12000,630,0,2273.4,10356.6
E000053,2025-06-01,12000,661,0,2278.98,10382.02
E000053,2025-07-01,12000,654,0,2277.72,10376.28
E000053,2025-08-01,12000,454,0,2241.72,10212.28
E000053,2025-09-01,12000,649,0,2276.82,10372.18
E000053,2025-10-01,12000,76,0,2173.68,9902.32
E000053,2025-11-01,12000,253,0,2205.54,10047.46
E000053,2025-12-01,12000,319,0,2217.42,10101.58
E000054,2025-01-01,6500,596,0,1277.28,5818.72
E000054,2025-02-01,6500,553,0,1269.54,5783.46
E000054,2025-03-01,6500,166,0,1199.88,5466.12
E000054,2025-04-01,6500,458,2000,1612.44,7345.56
E000054,2025-05-01,6500,699,500,1385.82,6313.18
E000054,2025-06-01,6500,579,0,1274.22,5804.78
E000054,2025-07-01,6500,553,1000,1449.54,6603.46
E000054,2025-08-01,6500,620,0,1281.6,5838.4
E000054,2025-09-01,6500,743,0,1303.74,5939.26
E000054,2025-10-01,6500,675,0,1291.5,5883.5
E000054,2025-11-01,6500,647,0,1286.46,5860.54
E000054,2025-12-01,6500,69,0,1182.42,5386.58
E000055,2025-01-01,9000,707,0,1747.26,7959.74
E000055,2025-02-01,9000,641,0,1735.38,7905.62
E000055,2025-03-01,9000,427,0,1696.86,7730.14
E000055,2025-04-01,9000,148,0,1646.64,7501.36
E000055,2025-05-01,9000,711,0,1747.98,7963.02
E000055,2025-06-01,9000,380,0,1688.4,7691.6
E000055,2025-07-01,9000,341,0,1681.38,7659.62
E000055,2025-08-01,9000,726,0,1750.68,7975.32
E000055,2025-09-01,9000,613,0,1730.34,7882.66
E000055,2025-10-01,9000,353,0,1683.54,7669.46
E000055,2025-11-01,9000,115,0,1640.7,7474.3
E000055,2025-12-01,9000,441,1000,1879.38,8561.62
E000056,2025-01-01,12000,476,0,2245.68,10230.32
E000056,2025-02-01,12000,310,0,2215.8,10094.2
E000056,2025-03-01,12000,445,0,2240.1,10204.9
E000056,2025-04-01,12000,54,500,2259.72,10294.28
E000056,2025-05-01,12000,656,0,2278.08,10377.92
E000056,2025-06-01,12000,647,500,2366.46,10780.54
E000056,2025-07-01,12000,655,0,2277.9,10377.1
E000056,2025-08-01,12000,278,0,2210.04,10067.96
E000056,2025-09-01,12000,103,0,2178.54,9924.46
E000056,2025-10-01,12000,247,0,2204.46,10042.54
E000056,2025-11-01,12000,632,0,2273.76,10358.24
E000056,2025-12-01,12000,83,0,2174.94,9908.06
E000057,2025-01-01,4500,455,500,981.9,4473.1
E000057,2025-02-01,4500,160,0,838.8,3821.2
E000057,2025-03-01,4500,459,500,982.62,4476.38
E000057,2025-04-01,4500,737,0,942.66,4294.34
E000057,2025-05-01,4500,480,0,896.4,4083.6
E000057,2025-06-01,4500,748,0,944.64,4303.36
E000057,2025-07-01,4500,340,0,871.2,3968.8
E000057,2025-08-01,4500,760,0,946.8,4313.2
E000057,2025-09-01,4500,179,0,842.22,3836.78
E000057,2025-10-01,4500,665,0,929.7,4235.3
E000057,2025-11-01,4500,310,0,865.8,3944.2
E000057,2025-12-01,4500,405,0,882.9,4022.1
E000059,2025-01-01,16000,341,0,2941.38,13399.62
E000059,2025-02-01,16000,243,0,2923.74,13319.26
E000059,2025-03-01,16000,238,0,2922.84,13315.16
E000059,2025-04-01,16000,677,500,3091.86,14085.14
E000059,2025-05-01,16000,157,500,2998.26,13658.74
E000059,2025-06-01,16000,669,0,3000.42,13668.58
E000059,2025-07-01,16000,66,500,2981.88,13584.12
E000059,2025-08-01,16000,525,0,2974.5,13550.5
E000059,2025-09-01,16000,404,0,2952.72,13451.28
E000059,2025-10-01,16000,129,0,2903.22,13225.78
E000059,2025-11-01,16000,205,2000,3276.9,14928.1
E000059,2025-12-01,16000,767,1000,3198.06,14568.94
E000060,2025-01-01,16000,792,0,3022.56,13769.44
E000060,2025-02-01,16000,288,1000,3111.84,14176.16
E000060,2025-03-01,16000,781,0,3020.58,13760.42
E000060,2025-04-01,16000,335,500,3030.3,13804.7
E000060,2025-05-01,16000,380,0,2948.4,13431.6
E000060,2025-06-01,16000,482,0,2966.76,13515.24
E000060,2025-07-01,16000,24,0,2884.32,13139.68
E000060,2025-08-01,16000,481,0,2966.58,13514.42
E000060,2025-09-01,16000,536,0,2976.48,13559.52
E000060,2025-10-01,16000,172,0,2910.96,13261.04
E000060,2025-11-01,16000,799,0,3023.82,13775.18
E000060,2025-12-01,16000,91,0,2896.38,13194.62
E000064,2025-01-01,4500,531,0,905.58,4125.42
E000064,2025-02-01,4500,446,0,890.28,4055.72
E000064,2025-03-01,4500,42,0,817.56,3724.44
E000064,2025-04-01,4500,59,0,820.62,3738.38
E000064,2025-05-01,4500,286,0,861.48,3924.52
E000064,2025-06-01,4500,466,0,893.88,4072.12
E000064,2025-07-01,4500,344,0,871.92,3972.08
E000064,2025-08-01,4500,778,500,1040.04,4737.96
E000064,2025-09-01,4500,55,0,819.9,3735.1
E000064,2025-10-01,4500,82,0,824.76,3757.24
E000064,2025-11-01,4500,148,0,836.64,3811.36
E000064,2025-12-01,4500,189,0,844.02,3844.98
E000067,2025-01-01,6500,262,0,1217.16,5544.84
E000067,2025-02-01,6500,763,0,1307.34,5955.66
E000067,2025-03-01,6500,771,2000,1668.78,7602.22
E000067,2025-04-01,6500,784,0,1311.12,5972.88
E000067,2025-05-01,6500,379,0,1238.22,5640.78
E000067,2025-06-01,6500,419,0,1245.42,5673.58
E000067,2025-07-01,6500,230,0,1211.4,5518.6
E000067,2025-08-01,6500,484,500,1347.12,6136.88
E000067,2025-09-01,6500,573,0,1273.14,5799.86
E000067,2025-10-01,6500,482,0,1256.76,5725.24
E000067,2025-11-01,6500,91,0,1186.38,5404.62
E000067,2025-12-01,6500,454,0,1251.72,5702.28
E000068,2025-01-01,12000,597,1000,2447.46,11149.54
E000068,2025-02-01,12000,182,0,2192.76,9989.24
E000068,2025-03-01,12000,730,0,2291.4,10438.6
E000068,2025-04-01,12000,741,0,2293.38,10447.62
E000068,2025-05-01,12000,649,0,2276.82,10372.18
E000068,2025-06-01,12000,422,0,2235.96,10186.04
E000068,2025-07-01,12000,12,0,2162.16,9849.84
E000068,2025-08-01,12000,241,0,2203.38,10037.62
E000068,2025-09-01,12000,692,500,2374.56,10817.44
E000068,2025-10-01,12000,172,0,2190.96,9981.04
E000068,2025-11-01,12000,464,0,2243.52,10220.48
E000068,2025-12-01,12000,699,0,2285.82,10413.18
E000070,2025-01-01,3000,307,0,595.26,2711.74
E000070,2025-02-01,3000,628,0,653.04,2974.96
E000070,2025-03-01,3000,707,500,757.26,3449.74
E000070,2025-04-01,3000,623,0,652.14,2970.86
E000070,2025-05-01,3000,743,500,763.74,3479.26
E000070,2025-06-01,3000,732,0,671.76,3060.24
E000070,2025-07-01,3000,421,0,615.78,2805.22
E000070,2025-08-01,3000,553,500,729.54,3323.46
E000070,2025-09-01,3000,104,0,558.72,2545.28
E000070,2025-10-01,3000,119,0,561.42,2557.58
E000070,2025-11-01,3000,128,500,653.04,2974.96
E000070,2025-12-01,3000,559,0,640.62,2918.38
E000071,2025-01-01,3000,9,1000,721.62,3287.38
E000071,2025-02-01,3000,231,0,581.58,2649.42
E000071,2025-03-01,3000,714,0,668.52,3045.48
E000071,2025-04-01,3000,775,500,769.5,3505.5
E000071,2025-05-01,3000,199,0,575.82,2623.18
E000071,2025-06-01,3000,172,0,570.96,2601.04
E000071,2025-07-01,3000,415,2000,974.7,4440.3
E000071,2025-08-01,3000,86,0,555.48,2530.52
E000071,2025-09-01,3000,199,0,575.82,2623.18
E000071,2025-10-01,3000,42,0,547.56,2494.44
E000071,2025-11-01,3000,434,0,618.12,2815.88
E000071,2025-12-01,3000,663,0,659.34,3003.66
E000072,2025-01-01,3000,147,0,566.46,2580.54
E000072,2025-02-01,3000,365,2000,965.7,4399.3
E000072,2025-03-01,3000,435,500,708.3,3226.7
E000072,2025-04-01,3000,390,500,700.2,3189.8
E000072,2025-05-01,3000,562,0,641.16,2920.84
E000072,2025-06-01,3000,260,0,586.8,2673.2
E000072,2025-07-01,3000,351,0,603.18,2747.82
E000072,2025-08-01,3000,137,0,564.66,2572.34
E000072,2025-09-01,3000,367,1000,786.06,3580.94
E000072,2025-10-01,3000,222,500,669.96,3052.04
E000072,2025-11-01,3000,359,0,604.62,2754.38
E000072,2025-12-01,3000,462,0,623.16,2838.84
E000073,2025-01-01,9000,560,0,1720.8,7839.2
E000073,2025-02-01,9000,589,0,1726.02,7862.98
E000073,2025-03-01,9000,216,0,1658.88,7557.12
E000073,2025-04-01,9000,189,500,1744.02,7944.98
E000073,2025-05-01,9000,777,500,1849.86,8427.14
E000073,2025-06-01,9000,651,0,1737.18,7913.82
E000073,2025-07-01,9000,769,0,1758.42,8010.58
E000073,2025-08-01,9000,692,1000,1924.56,8767.44
E000073,2025-09-01,9000,287,0,1671.66,7615.34
E000073,2025-10-01,9000,225,0,1660.5,7564.5
E000073,2025-11-01,9000,782,0,1760.76,8021.24
E000073,2025-12-01,9000,401,0,1692.18,7708.82
E000074,2025-01-01,3000,664,0,659.52,3004.48
E000074,2025-02-01,3000,123,0,562.14,2560.86
E000074,2025-03-01,3000,625,1000,832.5,3792.5
E000074,2025-04-01,3000,413,1000,794.34,3618.66
E000074,2025-05-01,3000,171,0,570.78,2600.22
E000074,2025-06-01,3000,685,0,663.3,3021.7
E000074,2025-07-01,3000,121,500,651.78,2969.22
E000074,2025-08-01,3000,630,500,743.4,3386.6
E000074,2025-09-01,3000,779,1000,860.22,3918.78
E000074,2025-10-01,3000,529,0,635.22,2893.78
E000074,2025-11-01,3000,660,2000,1018.8,4641.2
E000074,2025-12-01,3000,301,0,594.18,2706.82
E000075,2025-01-01,9000,646,0,1736.28,7909.72
E000075,2025-02-01,9000,735,0,1752.3,7982.7
E000075,2025-03-01,9000,597,500,1817.46,8279.54
E000075,2025-04-01,9000,344,1000,1861.92,8482.08
E000075,2025-05-01,9000,796,0,1763.28,8032.72
E000075,2025-06-01,9000,769,0,1758.42,8010.58
E000075,2025-07-01,9000,462,0,1703.16,7758.84
E000075,2025-08-01,9000,561,0,1720.98,7840.02
E000075,2025-09-01,9000,406,500,1783.08,8122.92
E000075,2025-10-01,9000,460,0,1702.8,7757.2
E000075,2025-11-01,9000,420,0,1695.6,7724.4
E000075,2025-12-01,9000,695,0,1745.1,7949.9
E000076,2025-01-01,9000,629,0,1733.22,7895.78
E000076,2025-02-01,9000,412,0,1694.16,7717.84
E000076,2025-03-01,9000,107,0,1639.26,7467.74
E000076,2025-04-01,9000,127,0,1642.86,7484.14
E000076,2025-05-01,9000,135,0,1644.3,7490.7
E000076,2025-06-01,9000,655,500,1827.9,8327.1
E000076,2025-07-01,9000,260,500,1756.8,8003.2
E000076,2025-08-01,9000,103,0,1638.54,7464.46
E000076,2025-09-01,9000,490,0,1708.2,7781.8
E000076,2025-10-01,9000,404,0,1692.72,7711.28
E000076,2025-11-01,9000,230,0,1661.4,7568.6
E000076,2025-12-01,9000,65,0,1631.7,7433.3
E000077,2025-01-01,9000,12,0,1622.16,7389.84
E000077,2025-02-01,9000,597,500,1817.46,8279.54
E000077,2025-03-01,9000,313,0,1676.34,7636.66
E000077,2025-04-01,9000,208,0,1657.44,7550.56
E000077,2025-05-01,9000,632,1000,1913.76,8718.24
E000077,2025-06-01,9000,376,0,1687.68,7688.32
E000077,2025-07-01,9000,754,500,1845.72,8408.28
E000077,2025-08-01,9000,69,500,1722.42,7846.58
E000077,2025-09-01,9000,100,0,1638.0,7462.0
E000077,2025-10-01,9000,622,0,1731.96,7890.04
E000077,2025-11-01,9000,19,500,1713.42,7805.58
E000077,2025-12-01,9000,226,0,1660.68,7565.32
E000078,2025-01-01,12000,741,0,2293.38,10447.62
E000078,2025-02-01,12000,404,0,2232.72,10171.28
E000078,2025-03-01,12000,771,0,2298.78,10472.22
E000078,2025-04-01,12000,19,0,2163.42,9855.58
E000078,2025-05-01,12000,582,0,2264.76,10317.24
E000078,2025-06-01,12000,525,0,2254.5,10270.5
E000078,2025-07-01,12000,740,0,2293.2,10446.8
E000078,2025-08-01,12000,54,0,2169.72,9884.28
E000078,2025-09-01,12000,765,0,2297.7,10467.3
E000078,2025-10-01,12000,669,500,2370.42,10798.58
E000078,2025-11-01,12000,158,0,2188.44,9969.56
E000078,2025-12-01,12000,318,0,2217.24,10100.76
E000080,2025-01-01,12000,405,0,2232.9,10172.1
E000080,2025-02-01,12000,75,500,2263.5,10311.5
E000080,2025-03-01,12000,116,500,2270.88,10345.12
E000080,2025-04-01,12000,703,0,2286.54,10416.46
E000080,2025-05-01,12000,684,0,2283.12,10400.88
E000080,2025-06-01,12000,182,0,2192.76,9989.24
E000080,2025-07-01,12000,480,0,2246.4,10233.6
E000080,2025-08-01,12000,627,0,2272.86,10354.14
E000080,2025-09-01,12000,475,0,2245.5,10229.5
E000080,2025-10-01,12000,117,0,2181.06,9935.94
E000080,2025-11-01,12000,400,0,2232.0,10168.0
E000080,2025-12-01,12000,659,500,2368.62,10790.38
E000081,2025-01-01,4500,398,0,881.64,4016.36
E000081,2025-02-01,4500,77,0,823.86,3753.14
E000081,2025-03-01,4500,136,1000,1014.48,4621.52
E000081,2025-04-01,4500,504,0,900.72,4103.28
E000081,2025-05-01,4500,137,0,834.66,3802.34
E000081,2025-06-01,4500,618,0,921.24,4196.76
E000081,2025-07-01,4500,253,0,855.54,3897.46
E000081,2025-08-01,4500,709,0,937.62,4271.38
E000081,2025-09-01,4500,562,1000,1091.16,4970.84
E000081,2025-10-01,4500,425,500,976.5,4448.5
E000081,2025-11-01,4500,580,500,1004.4,4575.6
E000081,2025-12-01,4500,48,0,818.64,3729.36
E000082,2025-01-01,9000,703,0,1746.54,7956.46
E000082,2025-02-01,9000,581,0,1724.58,7856.42
E000082,2025-03-01,9000,637,0,1734.66,7902.34
E000082,2025-04-01,9000,640,500,1825.2,8314.8
E000082,2025-05-01,9000,611,500,1819.98,8291.02
E000082,2025-06-01,9000,181,0,1652.58,7528.42
E000082,2025-07-01,9000,363,0,1685.34,7677.66
E000082,2025-08-01,9000,542,1000,1897.56,8644.44
E000082,2025-09-01,9000,547,0,1718.46,7828.54
E000082,2025-10-01,9000,407,0,1693.26,7713.74
E000082,2025-11-01,9000,413,0,1694.34,7718.66
E000082,2025-12-01,9000,162,0,1649.16,7512.84
E000083,2025-01-01,6500,269,0,1218.42,5550.58
E000083,2025-02-01,6500,399,500,1331.82,6067.18
E000083,2025-03-01,6500,617,500,1371.06,6245.94
E000083,2025-04-01,6500,581,0,1274.58,5806.42
E000083,2025-05-01,6500,227,0,1210.86,5516.14
E000083,2025-06-01,6500,595,0,1277.1,5817.9
E000083,2025-07-01,6500,440,0,1249.2,5690.8
E000083,2025-08-01,6500,689,0,1294.02,5894.98
E000083,2025-09-01,6500,518,0,1263.24,5754.76
E000083,2025-10-01,6500,398,0,1241.64,5656.36
E000083,2025-11-01,6500,759,0,1306.62,5952.38
E000083,2025-12-01,6500,471,0,1254.78,5716.22
E000084,2025-01-01,6500,198,0,1205.64,5492.36
E000084,2025-02-01,6500,665,0,1289.7,5875.3
E000084,2025-03-01,6500,141,0,1195.38,5445.62
E000084,2025-04-01,6500,313,2000,1586.34,7226.66
E000084,2025-05-01,6500,580,0,1274.4,5805.6
E000084,2025-06-01,6500,729,0,1301.22,5927.78
E000084,2025-07-01,6500,304,0,1224.72,5579.28
E000084,2025-08-01,6500,383,1000,1418.94,6464.06
E000084,2025-09-01,6500,444,0,1249.92,5694.08
E000084,2025-10-01,6500,177,0,1201.86,5475.14
E000084,2025-11-01,6500,489,0,1258.02,5730.98
E000084,2025-12-01,6500,597,0,1277.46,5819.54
E000085,2025-01-01,3000,592,2000,1006.56,4585.44
E000085,2025-02-01,3000,572,500,732.96,3339.04
E000085,2025-03-01,3000,42,0,547.56,2494.44
E000085,2025-04-01,3000,597,0,647.46,2949.54
E000085,2025-05-01,3000,609,0,649.62,2959.38
E000085,2025-06-01,3000,197,500,665.46,3031.54
E000085,2025-07-01,3000,516,1000,812.88,3703.12
E000085,2025-08-01,3000,111,0,559.98,2551.02
E000085,2025-09-01,3000,97,500,647.46,2949.54
E000085,2025-10-01,3000,434,0,618.12,2815.88
E000085,2025-11-01,3000,85,0,555.3,2529.7
E000085,2025-12-01,3000,293,500,682.74,3110.26
E000086,2025-01-01,3000,649,2000,1016.82,4632.18
E000086,2025-02-01,3000,242,500,673.56,3068.44
E000086,2025-03-01,3000,31,0,545.58,2485.42
E000086,2025-04-01,3000,531,0,635.58,2895.42
E000086,2025-05-01,3000,67,500,642.06,2924.94
E000086,2025-06-01,3000,213,0,578.34,2634.66
E000086,2025-07-01,3000,743,500,763.74,3479.26
E000086,2025-08-01,3000,725,0,670.5,3054.5
E000086,2025-09-01,3000,781,0,680.58,3100.42
E000086,2025-10-01,3000,679,2000,1022.22,4656.78
E000086,2025-11-01,3000,25,0,544.5,2480.5
E000086,2025-12-01,3000,65,0,551.7,2513.3
E000087,2025-01-01,12000,253,0,2205.54,10047.46
E000087,2025-02-01,12000,43,0,2167.74,9875.26
E000087,2025-03-01,12000,226,0,2200.68,10025.32
E000087,2025-04-01,12000,435,0,2238.3,10196.7
E000087,2025-05-01,12000,378,0,2228.04,10149.96
E000087,2025-06-01,12000,708,1000,2467.44,11240.56
E000087,2025-07-01,12000,503,0,2250.54,10252.46
E000087,2025-08-01,12000,7,0,2161.26,9845.74
E000087,2025-09-01,12000,475,500,2335.5,10639.5
E000087,2025-10-01,12000,484,0,2247.12,10236.88
E000087,2025-11-01,12000,566,0,2261.88,10304.12
E000087,2025-12-01,12000,237,0,2202.66,10034.34
E000088,2025-01-01,9000,553,0,1719.54,7833.46
E000088,2025-02-01,9000,453,500,1791.54,8161.46
E000088,2025-03-01,9000,774,0,1759.32,8014.68
E000088,2025-04-01,9000,258,500,1756.44,8001.56
E000088,2025-05-01,9000,39,0,1627.02,7411.98
E000088,2025-06-01,9000,219,0,1659.42,7559.58
E000088,2025-07-01,9000,519,500,1803.42,8215.58
E000088,2025-08-01,9000,687,0,1743.66,7943.34
E000088,2025-09-01,9000,259,500,1756.62,8002.38
E000088,2025-10-01,9000,365,0,1685.7,7679.3
E000088,2025-11-01,9000,543,0,1717.74,7825.26
E000088,2025-12-01,9000,15,2000,1982.7,9032.3
E000089,2025-01-01,3000,108,2000,919.44,4188.56
E000089,2025-02-01,3000,532,0,635.76,2896.24
E000089,2025-03-01,3000,161,0,568.98,2592.02
E000089,2025-04-01,3000,101,2000,918.18,4182.82
E000089,2025-05-01,3000,570,0,642.6,2927.4
E000089,2025-06-01,3000,794,0,682.92,3111.08
E000089,2025-07-01,3000,130,0,563.4,2566.6
E000089,2025-08-01,3000,792,500,772.56,3519.44
E000089,2025-09-01,3000,665,0,659.7,3005.3
E000089,2025-10-01,3000,644,2000,1015.92,4628.08
E000089,2025-11-01,3000,475,500,715.5,3259.5
E000089,2025-12-01,3000,371,1000,786.78,3584.22
E000090,2025-01-01,4500,645,0,926.1,4218.9
E000090,2025-02-01,4500,376,0,877.68,3998.32
E000090,2025-03-01,4500,363,0,875.34,3987.66
E000090,2025-04-01,4500,724,0,940.32,4283.68
E000090,2025-05-01,4500,130,500,923.4,4206.6
E000090,2025-06-01,4500,797,0,953.46,4343.54
E000090,2025-07-01,4500,276,0,859.68,3916.32
E000090,2025-08-01,4500,217,0,849.06,3867.94
E000090,2025-09-01,4500,674,0,931.32,4242.68
E000090,2025-10-01,4500,40,0,817.2,3722.8
E000090,2025-11-01,4500,337,0,870.66,3966.34
E000090,2025-12-01,4500,278,0,860.04,3917.96
E000091,2025-01-01,9000,661,0,1738.98,7922.02
E000091,2025-02-01,9000,619,0,1731.42,7887.58
E000091,2025-03-01,9000,782,0,1760.76,8021.24
E000091,2025-04-01,9000,288,0,1671.84,7616.16
E000091,2025-05-01,9000,271,0,1668.78,7602.22
E000091,2025-06-01,9000,482,0,1706.76,7775.24
E000091,2025-07-01,9000,155,0,1647.9,7507.1
E000091,2025-08-01,9000,453,500,1791.54,8161.46
E000091,2025-09-01,9000,123,2000,2002.14,9120.86
E000091,2025-10-01,9000,758,0,1756.44,8001.56
E000091,2025-11-01,9000,190,0,1654.2,7535.8
E000091,2025-12-01,9000,441,0,1699.38,7741.62
E000092,2025-01-01,3000,142,0,565.56,2576.44
E000092,2025-02-01,3000,226,500,670.68,3055.32
E000092,2025-03-01,3000,301,500,684.18,3116.82
E000092,2025-04-01,3000,459,0,622.62,2836.38
E000092,2025-05-01,3000,392,500,700.56,3191.44
E000092,2025-06-01,3000,206,0,577.08,2628.92
E000092,2025-07-01,3000,736,500,762.48,3473.52
E000092,2025-08-01,3000,218,0,579.24,2638.76
E000092,2025-09-01,3000,602,0,648.36,2953.64
E000092,2025-10-01,3000,557,0,640.26,2916.74
E000092,2025-11-01,3000,611,0,649.98,2961.02
E000092,2025-12-01,3000,701,0,666.18,3034.82
E000093,2025-01-01,9000,541,500,1807.38,8233.62
E000093,2025-02-01,9000,506,0,1711.08,7794.92
E000093,2025-03-01,9000,280,0,1670.4,7609.6
E000093,2025-04-01,9000,269,1000,1848.42,8420.58
E000093,2025-05-01,9000,726,0,1750.68,7975.32
E000093,2025-06-01,9000,82,2000,1994.76,9087.24
E000093,2025-07-01,9000,425,0,1696.5,7728.5
E000093,2025-08-01,9000,283,0,1670.94,7612.06
E000093,2025-09-01,9000,326,0,1678.68,7647.32
E000093,2025-10-01,9000,72,0,1632.96,7439.04
E000093,2025-11-01,9000,374,0,1687.32,7686.68
E000093,2025-12-01,9000,786,500,1851.48,8434.52
E000094,2025-01-01,4500,397,0,881.46,4015.54
E000094,2025-02-01,4500,436,0,888.48,4047.52
E000094,2025-03-01,4500,464,0,893.52,4070.48
E000094,2025-04-01,4500,319,0,867.42,3951.58
E000094,2025-05-01,4500,88,500,915.84,4172.16
E000094,2025-06-01,4500,738,0,942.84,4295.16
E000094,2025-07-01,4500,333,0,869.94,3963.06
E000094,2025-08-01,4500,707,0,937.26,4269.74
E000094,2025-09-01,4500,775,500,1039.5,4735.5
E000094,2025-10-01,4500,636,0,924.48,4211.52
E000094,2025-11-01,4500,631,0,923.58,4207.42
E000094,2025-12-01,4500,694,0,934.92,4259.08
E000095,2025-01-01,4500,61,500,910.98,4150.02
E000095,2025-02-01,4500,669,0,930.42,4238.58
E000095,2025-03-01,4500,778,2000,1310.04,5967.96
E000095,2025-04-01,4500,561,0,910.98,4150.02
E000095,2025-05-01,4500,660,0,928.8,4231.2
E000095,2025-06-01,4500,275,0,859.5,3915.5
E000095,2025-07-01,4500,683,0,932.94,4250.06
E000095,2025-08-01,4500,200,1000,1026.0,4674.0
E000095,2025-09-01,4500,323,500,958.14,4364.86
E000095,2025-10-01,4500,481,500,986.58,4494.42
E000095,2025-11-01,4500,64,0,821.52,3742.48
E000095,2025-12-01,4500,342,0,871.56,3970.44
E000096,2025-01-01,3000,331,1000,779.58,3551.42
E000096,2025-02-01,3000,173,500,661.14,3011.86
E000096,2025-03-01,3000,658,500,748.44,3409.56
E000096,2025-04-01,3000,604,0,648.72,2955.28
E000096,2025-05-01,3000,532,0,635.76,2896.24
E000096,2025-06-01,3000,787,500,771.66,3515.34
E000096,2025-07-01,3000,178,0,572.04,2605.96
E000096,2025-08-01,3000,454,0,621.72,2832.28
E000096,2025-09-01,3000,771,0,678.78,3092.22
E000096,2025-10-01,3000,578,0,644.04,2933.96
E000096,2025-11-01,3000,193,0,574.74,2618.26
E000096,2025-12-01,3000,346,0,602.28,2743.72
E000097,2025-01-01,12000,768,0,2298.24,10469.76
E000097,2025-02-01,12000,261,500,2296.98,10464.02
E000097,2025-03-01,12000,721,0,2289.78,10431.22
E000097,2025-04-01,12000,779,0,2300.22,10478.78
E000097,2025-05-01,12000,282,0,2210.76,10071.24
E000097,2025-06-01,12000,379,0,2228.22,10150.78
E000097,2025-07-01,12000,440,0,2239.2,10200.8
E000097,2025-08-01,12000,752,0,2295.36,10456.64
E000097,2025-09-01,12000,141,0,2185.38,9955.62
E000097,2025-10-01,12000,748,0,2294.64,10453.36
E000097,2025-11-01,12000,688,0,2283.84,10404.16
E000097,2025-12-01,12000,48,0,2168.64,9879.36
E000099,2025-01-01,12000,189,500,2284.02,10404.98
E000099,2025-02-01,12000,403,0,2232.54,10170.46
E000099,2025-03-01,12000,601,0,2268.18,10332.82
E000099,2025-04-01,12000,756,0,2296.08,10459.92
E000099,2025-05-01,12000,317,0,2217.06,10099.94
E000099,2025-06-01,12000,381,0,2228.58,10152.42
E000099,2025-07-01,12000,343,0,2221.74,10121.26
E000099,2025-08-01,12000,552,500,2349.36,10702.64
E000099,2025-09-01,12000,788,0,2301.84,10486.16
E000099,2025-10-01,12000,182,500,2282.76,10399.24
E000099,2025-11-01,12000,396,0,2231.28,10164.72
E000099,2025-12-01,12000,493,2000,2608.74,11884.26
E000100,2025-01-01,3000,332,1000,779.76,3552.24
E000100,2025-02-01,3000,556,0,640.08,2915.92
E000100,2025-03-01,3000,619,0,651.42,2967.58
E000100,2025-04-01,3000,583,1000,824.94,3758.06
E000100,2025-05-01,3000,108,0,559.44,2548.56
E000100,2025-06-01,3000,239,0,583.02,2655.98
E000100,2025-07-01,3000,601,1000,828.18,3772.82
E000100,2025-08-01,3000,249,0,584.82,2664.18
E000100,2025-09-01,3000,152,0,567.36,2584.64
E000100,2025-10-01,3000,342,0,601.56,2740.44
E000100,2025-11-01,3000,430,0,617.4,2812.6
E000100,2025-12-01,3000,686,500,753.48,3432.52
